,Chromosome,Fitness,Probability,Location
0,"[0.9362741958349216, 0.6878490611357333, 0.8042671901032875, 0.575381206757746, 0.30829026625692646, 0.9594566336689048, 0.11631407325488907, 0.26469087524094903, 0.18145268044692164, 0.011289124985502164, 0.6661882531795082, 0.20378732993819415, 0.2615404610863893, 0.472244894266197, 0.9166144030634711, 0.7608980989022256, 0.9767255141488855, 0.7261823181020669, 0.765283695543272, 0.3329752189531451, 0.8560352474884461, 0.4148763101359436, 0.018692037039812148, 0.6393502136245269, 0.47735331428356853, 0.8570926689978479, 0.6712323780605498, 0.6640875588712122, 0.7493391769960559, 0.8315774332187489, 0.32344140791195153, 0.3730435319077675, 0.041541451105849836, 0.797277087318769, 0.7043583044043026, 0.6616549088566037, 0.8411070106774845, 0.01794733995708142, 0.3040359678528872, 0.7230607137557554, 0.1406611504901184, 0.9178808765776468, 0.621102607614012, 0.009037737261341938, 0.30109115254738905, 0.4475253583044234, 0.5267499270292889, 0.09094597182080455, 0.9456540006565354, 0.9090210934049551, 0.7034926795928739, 0.36125469691995304, 0.6566319594112218, 0.9847008194292944, 0.4947180304940664, 0.22434488335786817, 0.16898660711583247, 0.4588573648555898, 0.006451127656093236, 0.5408835084190131]",2.573295275692715e-06,0.01736777698391617,0.01736777698391617
1,"[0.6073610028395312, 0.3581191691490061, 0.10165841912089402, 0.10795050980949106, 0.731359864700021, 0.601113434207263, 0.05592562881344809, 0.9598898622258053, 0.9387185668728473, 0.171229321035398, 0.27382990114590133, 0.2926128282165209, 0.9247817392150549, 0.2768556263776569, 0.9786946400647053, 0.08955317127192053, 0.23946531844785734, 0.05133986524465939, 0.04114182459682525, 0.2540063978782041, 0.12143791875415455, 0.598626220855782, 0.6270113303427544, 0.6482280344128941, 0.014808173015721016, 0.7531612833754799, 0.364503241824352, 0.942299679661687, 0.5137275772744113, 0.28393147635749216, 0.1561177558509479, 0.9888645546963761, 0.037657220389191504, 0.13180450446939307, 0.9238737902104086, 0.033850717882400905, 0.12514809508412827, 0.11713420256911844, 0.9384921143213758, 0.9777754099063258, 0.7764300432603435, 0.053614629858474094, 0.26942477800069287, 0.4953154020713324, 0.8684055192680918, 0.972240231008974, 0.5107184370926342, 0.25585021897883053, 0.11689879074529141, 0.24058602655334038, 0.2493600219093952, 0.420707597971239, 0.2676728697015073, 0.6782136929166551, 0.01735729457548707, 0.27477081242879864, 0.7171310316402382, 0.06357170966508785, 0.9938371755267223, 0.4318370356449597]",2.9183181708150534e-06,0.019696417911147804,0.037064194895063976
2,"[0.6371620443996613, 0.3062478109173171, 0.3118929888873303, 0.7151499778610428, 0.4957657130757873, 0.761222128566795, 0.2729202638795648, 0.4114559265356861, 0.7525226031641319, 0.5008326137276038, 0.3890961756007153, 0.5179010078923678, 0.3941777978964126, 0.8336635459431901, 0.11488319888666176, 0.7391109015231246, 0.3460202393425824, 0.6438211486573507, 0.38262631699825467, 0.5381871177015198, 0.9535696219170613, 0.39510725006604075, 0.7229566565034203, 0.0014761587547466037, 0.2984948113444167, 0.3710145019157812, 0.14825877849089297, 0.8228184450242378, 0.4860728215457778, 0.7698762597151729, 0.5104681945840759, 0.8403093802191475, 0.5396723862213213, 0.6671166117333963, 0.6399482582122631, 0.8084461525289436, 0.39041186079183765, 0.07635525909722818, 0.235782689706582, 0.26098965203947055, 0.8660073508203052, 0.7961045920619475, 0.7084433001889081, 0.6099162803796107, 0.3388644706816928, 0.5426862346553948, 0.040090874269912535, 0.1923783801719181, 0.3905736190740383, 0.8540896139799674, 0.4170573001377408, 0.6647389872022664, 0.5052077888304406, 0.6871545289076776, 0.01655808055364616, 0.8699230754326873, 0.6365531413750908, 0.9389953962033255, 0.8563772039149476, 0.12679328397193967]",3.1698434210388394e-06,0.0213940211722172,0.058458216067281174
3,"[0.8621466499190944, 0.6922211106753818, 0.771304126304877, 0.705359697847009, 0.5029759221793942, 0.1344964922238514, 0.830878359404729, 0.8238268691013318, 0.666862591688532, 0.2915746843048913, 0.5049192164967963, 0.686569207260907, 0.05809029081915429, 0.5937252871036433, 0.3813754223746416, 0.017626844013286735, 0.2826644928829456, 0.26109354409828756, 0.0752012648490733, 0.573672214730637, 0.01672189861539275, 0.4818104000814737, 0.37471951730380715, 0.02021401710260462, 0.7245022260051897, 0.8972315098434578, 0.5083819862998679, 0.7259016673451198, 0.9887134851690634, 0.1310485669503515, 0.01134189657851814, 0.6755205222678331, 0.6930162397405591, 0.46266760812874475, 0.40953644936208555, 0.648568136991067, 0.8671930229992222, 0.5441889534155983, 0.23594465065180203, 0.9743621240814412, 0.22941019983976185, 0.7339751360028665, 0.2839358628615043, 0.5079167400730247, 0.13704531781904905, 0.3188777534276144, 0.7395477140334894, 0.10272492594219196, 0.814454449518649, 0.4274985447682761, 0.026149981410942602, 0.6892246334186934, 0.8510647810516501, 0.46874035016639504, 0.9978999619809914, 0.8214652739667447, 0.6514918928323918, 0.6382290354742278, 0.8596995803699062, 0.0596799640875324]",2.981670432066227e-06,0.020123997270279446,0.07858221333756062
4,"[0.8882341345065032, 0.27962909410342873, 0.9143366924487357, 0.37456815789422815, 0.6382427053153708, 0.10362271908395448, 0.8382295201547755, 0.31022177777105076, 0.6908859644902595, 0.5224019331451758, 0.5217368126258374, 0.9101465154798923, 0.6835669378084349, 0.45869708482067384, 0.4790951274962717, 0.42934533364101435, 0.08468212480145265, 0.39560794332247884, 0.2777630867898283, 0.9451568584707645, 0.4460575910963086, 0.11820647991802491, 0.18930257463463196, 0.9907401602847719, 0.5092810528245906, 0.17093137994760588, 0.7576320074566247, 0.6196065794680381, 0.6415468250896247, 0.9757826819023657, 0.28494528192325363, 0.6329793017569029, 0.4735895682043836, 0.7211597202775609, 0.2308535963574626, 0.7669176434638951, 0.024800289222631444, 0.41912315967093094, 0.7929799859948755, 0.03575005029129641, 0.34631361811451533, 0.36134820335919005, 0.260110275394668, 0.6445189591014611, 0.07551664361891519, 0.5460916158875548, 0.3771902483133007, 0.9356660748749147, 0.6610353118619172, 0.812930983589184, 0.3660957451495991, 0.8016413190824923, 0.5782974451723346, 0.8201242363265576, 0.527539375293875, 0.3337068765535548, 0.8816502627160424, 0.7752163020364358, 0.16332404047179205, 0.34294362646151055]",2.981261970903628e-06,0.020121240469516775,0.09870345380707739
5,"[0.9939554501142788, 0.7299228632360356, 0.20300798456796842, 0.15979269388339457, 0.5082122133159965, 0.45332668440818846, 0.31875775383000815, 0.4332790928127831, 0.9071717331015322, 0.24351612515045018, 0.12651991653245764, 0.08546931347153974, 0.4372746596186843, 0.3047390897114297, 0.7203004407847236, 0.02843431515056294, 0.05054427404056183, 0.9160140877567099, 0.17684554580764056, 0.3951543692353393, 0.7295231719976225, 0.3369818451674138, 0.6654454784233376, 0.8785844979447975, 0.2281538781297291, 0.6691302681716232, 0.9692934894929104, 0.9587375437689747, 0.017085933106658513, 0.09017621384577101, 0.623952295485432, 0.8997971545053931, 0.37418823803069845, 0.36908735717627794, 0.08061417347891497, 0.8849416153105513, 0.08213463495237372, 0.39410130111407504, 0.893934464955024, 0.2224587642407082, 0.43336691443831643, 0.26841254859854025, 0.7915230617549388, 0.6804873424320422, 0.4008669487041232, 0.3068335651190611, 0.2448222873516629, 0.15864825917820657, 0.5407137798833913, 0.9700819399139939, 0.9854351374376741, 0.8952770947483693, 0.1552820501142974, 0.5788050755519987, 0.6297033528548908, 0.2805987828721537, 0.16099568101224015, 0.306776502357748, 0.5908760369939375, 0.06392127287691973]",2.576081048448081e-06,0.017386578821544398,0.11609003262862179
6,"[0.7059061632270254, 0.3531340236874636, 0.03778501179819138, 0.9228828000508357, 0.16462834249744707, 0.9601334735089203, 0.9042465449471788, 0.03403279782338253, 0.5385668335928055, 0.5112892243819753, 0.6870192519509523, 0.9209563963510478, 0.02513826525762408, 0.7468521229330469, 0.511810718942804, 0.5051925243027319, 0.6557423390707878, 0.5376589344739591, 0.6004212429607698, 0.6579755008478974, 0.194555849897041, 0.07199072888733327, 0.6524646042265357, 0.21402320756517268, 0.17255844892174244, 0.9871182030967347, 0.5125512616799596, 0.12996067700500102, 0.6814304708517975, 0.34929446445780366, 0.11811084468844257, 0.7079216299425145, 0.7196584907831797, 0.6224368793232251, 0.6491341596050109, 0.1892857416445214, 0.8230919587216433, 0.5434920058916307, 0.5511047944741542, 0.25469618535517646, 0.6179104526468921, 0.6590016136395825, 0.35530408282028736, 0.7226200357419862, 0.6118115307816057, 0.8808928853027945, 0.17762697813627037, 0.7949637643571491, 0.39918130539485885, 0.03543470688434469, 0.6020725537367051, 0.9127072540253455, 0.7070773985895505, 0.3191816889215363, 0.515143613627599, 0.6762462947366252, 0.6142305392246175, 0.9304419901410815, 0.8101412497050499, 0.4447069229703612]",3.3394073184755567e-06,0.022538447924569504,0.1386284805531913
7,"[0.4525390132199505, 0.6460143161315307, 0.195822448992803, 0.599726962756065, 0.7279199196731109, 0.18429975944195287, 0.9348048436446498, 0.735539579397466, 0.5134951109768661, 0.2982537839295587, 0.43294074300996055, 0.512967439059311, 0.23203720713615694, 0.9875900634374025, 0.49096216786251945, 0.586653621806999, 0.9675701404897364, 0.3558723694665289, 0.652927036726899, 0.41811419491251856, 0.6988793995388543, 0.676478256054521, 0.21012405985705818, 0.9083619550133818, 0.026073598872438875, 0.19607677090264564, 0.9929994077747727, 0.9601798402367598, 0.8979280078125723, 0.1511306324639401, 0.012364941004977537, 0.44248696938025867, 0.5122853341725989, 0.36301906012469864, 0.2148535670210555, 0.5783839567132532, 0.21806656017231485, 0.28770847492011864, 0.39073912548492873, 0.796406258179509, 0.4842422707488423, 0.01966753642848129, 0.8339579858143391, 0.13561749839781534, 0.6649454618083667, 0.5919665879826347, 0.7399198188672497, 0.8499357241731873, 0.336925268183486, 0.34095772684693204, 0.9284140420991831, 0.6896622881157839, 0.32692880094827403, 0.7494658218399103, 0.11128650255617256, 0.5754984929708421, 0.3704917581277878, 0.9470644678625749, 0.9315687447683834, 0.582145892641436]",3.3560092556484126e-06,0.022650498315771317,0.1612789788689626
8,"[0.42544258026815107, 0.7965970848251085, 0.9989209971026358, 0.1286954662302897, 0.787697592290827, 0.7740371923703555, 0.46293893318489054, 0.37403345965093315, 0.6968087680451581, 0.17453457763090152, 0.5377456249249167, 0.8920100404181273, 0.7966616782985073, 0.4782422458984841, 0.9412613267966862, 0.6771496872777418, 0.08144018315110979, 0.022416394169005538, 0.5602681812795614, 0.12232220162913232, 0.22147273486473196, 0.6168329268900711, 0.8638345019105567, 0.5721923218854769, 0.7979676084693702, 0.25658501738267536, 0.903601643478908, 0.9785776303095489, 0.8615127014942725, 0.007446289524261518, 0.42361639304173704, 0.48359822650656537, 0.24174765080109906, 0.4041915877490888, 0.0664080860722891, 0.7691213282135536, 0.6462506863149736, 0.18491853307855666, 0.0019833574117182895, 0.8954918547268603, 0.9138516667454065, 0.6931028692691509, 0.08456831019231736, 0.7291289993148581, 0.05476386009579659, 0.15921126410680753, 0.9778324909527484, 0.3805182935879238, 0.7130999563548812, 0.5223923684141937, 0.3231870518870995, 0.3815081994441576, 0.5594875917559197, 0.9778612572273286, 0.31282066222975413, 0.11915118993454532, 0.8275683259231931, 0.8431963174435521, 0.9989428437887052, 0.4562005813144564]",3.476670114509129e-06,0.023464866922116575,0.1847438457910792
9,"[0.8045871117430036, 0.8235517561653973, 0.20000409255624962, 0.08345569487087146, 0.26368691787674525, 0.5709738260104668, 0.9040448093856317, 0.5071641855302093, 0.2023652487720543, 0.6607077246093185, 0.813046717687493, 0.9897440412191907, 0.34920817478886734, 0.0561135542725647, 0.2875552045702794, 0.9193972648529602, 0.06125484695858241, 0.6103510415088295, 0.18614504818032318, 0.7126719447822285, 0.4981316879229569, 0.12181995712740301, 0.9143781404166884, 0.2649065316122635, 0.26347800323641335, 0.8706030510201106, 0.44566182984122926, 0.6802874046520819, 0.6200833589147586, 0.069131544921604, 0.6801374393938041, 0.44627877727009546, 0.3883425073342124, 0.6639040710157063, 0.2194097925209424, 0.29079222179704933, 0.28467415569444676, 0.3371477411464464, 0.2094581906745464, 0.2247003423486259, 0.23742688217738483, 0.6368108783232577, 0.7550979633476147, 0.5565313652533393, 0.39959926120301703, 0.36645438557719234, 0.010476408945256588, 0.636946871376066, 0.17381522713863695, 0.6096311786209014, 0.2525296336187457, 0.008065012798027182, 0.12647563083719537, 0.8312226043178023, 0.30781792598187285, 0.6564837235560574, 0.6304710530600347, 0.6871327351403507, 0.7632191746042001, 0.759906542369339]",3.262718791651103e-06,0.02202085896239584,0.20676470475347503
10,"[0.6309066776438308, 0.031690303065829095, 0.6336415202199234, 0.2300581493584627, 0.9786461945406434, 0.048109802857652983, 0.7206943479237325, 0.757376974846619, 0.4710867961094931, 0.6063192073831172, 0.6798061273486393, 0.4972306928421387, 0.47833693612269024, 0.388077373545872, 0.3107816131060708, 0.571996651270148, 0.6449532437186856, 0.986809239954158, 0.8048997701774395, 0.1475371604487441, 0.711103364270245, 0.5125718776510398, 0.5373696479545489, 0.5665866813505662, 0.5845832434167169, 0.6973826382426573, 0.19905547989821348, 0.945567572327312, 0.9506750211304421, 0.2550636587336257, 0.3175232531685801, 0.22277344087072615, 0.10483060085810358, 0.018458648969662428, 0.15807843042759406, 0.5519461108216979, 0.5283050987417774, 0.24797507002878694, 0.3319818383658173, 0.3731894850955886, 0.4964046646291108, 0.7924465308145343, 0.5826120527174138, 0.23511250050438715, 0.7068082774213361, 0.6546471064191479, 0.6969052256238205, 0.16744607354495922, 0.003959816863151611, 0.08886436704515277, 0.05661681625824666, 0.78578732405534, 0.5529479452710852, 0.05576151646138339, 0.41771350237794036, 0.7471001235259283, 0.041355157750247895, 0.46947983977952024, 0.710007169775402, 0.9317177357383919]",2.9348334936362104e-06,0.01980788372165337,0.2265725884751284
11,"[0.13147770387719215, 0.18560783887800347, 0.8239829911636396, 0.15391671919667915, 0.1893485925689422, 0.1421077929981055, 0.17392783531585054, 0.5084969232221873, 0.422318258006368, 0.25799753919137747, 0.9033118071393149, 0.8565170898357737, 0.24896477162663044, 0.5313896757881155, 0.09960082600716835, 0.5500615370247454, 0.7033164609259589, 0.05880206509503649, 0.5572337769740969, 0.459330216801377, 0.8779566441046257, 0.3114635703286007, 0.49818475907140647, 0.35746997090048016, 0.1187475809841192, 0.1411235401871337, 0.7949354393579442, 0.004341851213553016, 0.4673962031716503, 0.3585033746444509, 0.62861134089299, 0.6902379813290728, 0.0848886896895854, 0.4516255107590458, 0.8660560205966067, 0.2262035687722258, 0.9145305053099153, 0.5589095981198374, 0.41335284825523777, 0.7671777963664921, 0.13969341339683072, 0.41403003194516486, 0.8407739609496344, 0.5714153530493942, 0.7151483564785599, 0.43218356576052874, 0.6801771342672075, 0.2508826722726526, 0.3949728605312358, 0.7086303255246521, 0.14422699663214933, 0.28232708903114345, 0.8415096143612748, 0.4462196683538394, 0.6945386644588508, 0.125989136933642, 0.5423318295284939, 0.26482263434519604, 0.12546760279443725, 0.49710500548853087]",2.6831763182394027e-06,0.018109390066463546,0.24468197854159196
12,"[0.8968585957290807, 0.1732631147578788, 0.09870947307411482, 0.9064019615361522, 0.5804727206745689, 0.6793052456053854, 0.01694722517452074, 0.008382449635044198, 0.3065308200782836, 0.24378857714989988, 0.5513641538893257, 0.27475209643628606, 0.5591380409053351, 0.6397397914564729, 0.8960648261550039, 0.9588410149741382, 0.6851871251731971, 0.4251695502463003, 0.7857192453066287, 0.5417849652870496, 0.3058627914774503, 0.3236979853343819, 0.8436174232920769, 0.30302916021782456, 0.2963110175516982, 0.33061589077855147, 0.3127075823432197, 0.7605401765080897, 0.07336917767918627, 0.6900402934088323, 0.6111866359853244, 0.7104358782877164, 0.842185980744633, 0.5057189112557572, 0.20136128371611484, 0.5756385547912523, 0.46811304237352835, 0.5082130018621487, 0.0539184653200282, 0.5058778185687592, 0.9702764062224475, 0.2779489114901508, 0.2882312819610643, 0.35194288648727756, 0.9492767333271349, 0.3821752998110155, 0.8154726131253311, 0.23072061568416824, 0.5740731442422397, 0.5515568045923683, 0.44414905488087364, 0.6793829745173614, 0.6020379069454068, 0.07917426342051292, 0.2630059813329606, 0.4084749089330464, 0.3857659290251252, 0.021291131800672103, 0.06691728508893557, 0.46779224152514165]",2.484850755482271e-06,0.01677084404855726,0.26145282259014924
13,"[0.8534470305591276, 0.9092948484324267, 0.33126799001111507, 0.5678240716864807, 0.6345151607095951, 0.7012392943992831, 0.9328192414783503, 0.43993593475485493, 0.9288199751885009, 0.5141660889524472, 0.7322038918036129, 0.8966535022616084, 0.2751016554383402, 0.47102214157070876, 0.4320971448236738, 0.8316016331311057, 0.8843227647504666, 0.3903051937976324, 0.8747503825743006, 0.726761370664643, 0.44424671551999106, 0.6176976157499163, 0.524896572310288, 0.4995691377231207, 0.8416012142234717, 0.5290563544857807, 0.19649336697102782, 0.8443863316855035, 0.9051068108913798, 0.5550462403024351, 0.8967263071914282, 0.004780256618684864, 0.5730505699098727, 0.6524233780016335, 0.13030983988440936, 0.9887053767981081, 0.18639303511436767, 0.8933416957721663, 0.21318902467811773, 0.40252083922946524, 0.7302708525187622, 0.047960466437979465, 0.9254011418747582, 0.22735258840496742, 0.3409150439527018, 0.6437825713253702, 0.1904888652344049, 0.5455539061671012, 0.08285344803025319, 0.08434603218418368, 0.9562844356108158, 0.69395130189145, 0.691692575261524, 0.09751975875329078, 0.6812290253754084, 0.27960340642736137, 0.6923471757333272, 0.3785818831347916, 0.764782313304241, 0.09997224943545358]",2.874194439518308e-06,0.0193986164376446,0.28085143902779386
14,"[0.08681770098299879, 0.947490036145132, 0.28234561787453005, 0.2521199510067491, 0.39969645449739055, 0.24512205557536282, 0.3337367867064185, 0.1340854510910381, 0.00765083808583944, 0.9150804983670191, 0.46485720457373947, 0.5801614241767635, 0.8207447625913058, 0.7039127305714398, 0.2765329105060351, 0.6350924632634146, 0.3696678349078334, 0.09063643674145916, 0.13565543947206027, 0.4108656487962795, 0.9006187978725366, 0.3123680376996113, 0.5121615722828998, 0.5146945604099873, 0.2008234305634793, 0.9414687748936371, 0.08088125184972228, 0.48352221274417484, 0.1378847451469687, 0.09144461820901584, 0.711025581898076, 0.7622503520361749, 0.37162420710048083, 0.18438159794495723, 0.6536526179727654, 0.8260458585808028, 0.197881209503733, 0.13360737530907563, 0.6416120159574286, 0.84537915136961, 0.6013212063286468, 0.6667119007668586, 0.0014989423508436905, 0.37923304058299956, 0.8993911773767251, 0.5378312271218622, 0.6978504426261869, 0.6480733336584189, 0.7604195120037502, 0.02176882683886816, 0.5649927719811532, 0.7880113777589449, 0.4962968492917854, 0.7862570817214906, 0.2975319589554133, 0.5420220203025138, 0.1878943561189862, 0.1712236343538419, 0.07070410280088246, 0.43535515824096505]",2.47636512244759e-06,0.016713572509023573,0.2975650115368174
15,"[0.14602171257401475, 0.4842955834234435, 0.8714557226983012, 0.21206953625429026, 0.7924892374635829, 0.8173171781839488, 0.43456937047051436, 0.554150256949496, 0.6471530996165379, 0.9890404918282915, 0.5036538809018315, 0.7778700479336189, 0.7435961958526478, 0.18071909246453843, 0.8619151214879237, 0.450403160953879, 0.945086315503083, 0.44739074526711753, 0.822171278559923, 0.7390332065028878, 0.8073645697631464, 0.428869089844909, 0.09445565902791231, 0.5953956025424453, 0.6872467435621599, 0.2533443468940355, 0.25714851067598965, 0.28592618834318617, 0.4868970798492148, 0.6788132097414604, 0.6293418477825878, 0.3296941345590113, 0.6465480397625778, 0.6136007918182148, 0.525862861081646, 0.9281364071695515, 0.6359036849449327, 0.7166193703003955, 0.08136545970284625, 0.2575607740537419, 0.5011966891965474, 0.3333332384577763, 0.13944176911122586, 0.7136580887506164, 0.0763495382774827, 0.060010644825264414, 0.9644972579364033, 0.903992546931795, 0.08768047425934655, 0.33942024683799854, 0.9362909678070986, 0.9777285637582372, 0.27226575622911087, 0.4269901230053358, 0.2586181220279158, 0.37909937395712057, 0.5400833415314664, 0.6550888687918204, 0.3547675871265479, 0.7388739844297902]",3.018884825934196e-06,0.020375165995219695,0.3179401775320371
16,"[0.29563084163942555, 0.4825450803556188, 0.8361033028618768, 0.03896356240590304, 0.7474161979858484, 0.656421106453839, 0.9355503847124317, 0.45075693383670024, 0.8314752795198815, 0.2504998781556915, 0.0552944126085847, 0.44244932401459935, 0.7572748864655572, 0.5912815401788207, 0.3232936490800732, 0.18829273619925013, 0.28309125977515126, 0.013504230421603869, 0.1508682253616389, 0.6799678268905986, 0.570727565860805, 0.25159599310299885, 0.9494672097451647, 0.6136762066682627, 0.88472037327053, 0.20793213519078002, 0.7369672981931319, 0.9449288254398843, 0.8964130317572254, 0.29572670116581046, 0.798688098420167, 0.25059164377516896, 0.8629178737679656, 0.5204218405664836, 0.4775883645397626, 0.5086354584079881, 0.6137720558737467, 0.18037083937956733, 0.47174711521402557, 0.283853743169857, 0.4739360197175394, 0.22712881477154767, 0.6351951825265916, 0.7097233207249463, 0.4579266995166198, 0.661180503755781, 0.7606598201583861, 0.5691105904123703, 0.3200496244100345, 0.8810188004921998, 0.4359796406841565, 0.771244336044212, 0.35346727051748617, 0.9505021343915961, 0.4300558935163856, 0.5492796179264489, 0.671678671096988, 0.7546977608913115, 0.48302327855010974, 0.0439004447178839]",2.922550862126753e-06,0.01972498534351274,0.3376651628755499
17,"[0.8810502939159923, 0.2298427796209681, 0.7494691580876344, 0.2859207107641677, 0.3772775925669517, 0.43710090203120044, 0.6447750599170623, 0.9947306627411171, 0.07296508677846347, 0.9890505618315262, 0.08981255654699771, 0.8420001848370376, 0.3698444026261528, 0.6770528324290374, 0.48027988977697256, 0.39175337414865186, 0.6335253825253347, 0.9256414491901301, 0.36265595994717204, 0.11286314716131707, 0.6512792195687561, 0.6808820281035572, 0.3826472048203152, 0.7607150715982183, 0.198481518349916, 0.4541866423555492, 0.9649782065157559, 0.7292162094245634, 0.033144394695878154, 0.06802585754876667, 0.0935458997629266, 0.31602465664177104, 0.2997591860214417, 0.8012860106429261, 0.3950150406434536, 0.3293007503778407, 0.5749076887143832, 0.3910913070093778, 0.9368587005212357, 0.5309853608061268, 0.7629008271443982, 0.6544814849819464, 0.8686311129351773, 0.3302146927079235, 0.4107981609122757, 0.8958849749515582, 0.12031976077009132, 0.3338905588690162, 0.6661139195125511, 0.8332319444564229, 0.7228131832878253, 0.14280670951436303, 0.2130928483097113, 0.08908980507016184, 0.58838578570179, 0.8342787236026454, 0.3061748642395745, 0.8686962432933377, 0.6210404885990509, 0.3786495519770383]",3.0011804763947327e-06,0.020255675162841772,0.35792083803839164
18,"[0.6330613005594239, 0.5272206840831603, 0.6144315116159137, 0.38835986565690495, 0.6045176100868763, 0.6492649836082975, 0.9201996322009783, 0.4544521092748738, 0.07437660069679386, 0.4905687971561743, 0.7172907314783672, 0.22444988893357642, 0.6239366663446273, 0.3268031904267976, 0.47362417651953703, 0.44535559724444185, 0.6956896179162302, 0.5913103318678828, 0.8844021894768584, 0.244352635929157, 0.7094266467221674, 0.564000728828173, 0.3831324617823141, 0.29263992188537236, 0.7699253439811522, 0.6235381112557205, 0.3263772296629882, 0.2617678521560869, 0.41268938467995486, 0.046061004563436425, 0.2796754099186647, 0.3548645872655497, 0.6000798282786299, 0.029485065765217366, 0.887128245609669, 0.6580215378712302, 0.5559100916082093, 0.8086570614631712, 0.6079940048833392, 0.6579276793444582, 0.389500144645762, 0.2060414724615457, 0.7151428623051689, 0.8112822213290127, 0.14609851754105863, 0.08101594429795411, 0.8380900692076282, 0.05356758573670517, 0.6931083090510177, 0.3042270072028601, 0.832939148436457, 0.3343872415459327, 0.6962874955216175, 0.5771263369271494, 0.12013571304300119, 0.6700951002504673, 0.8117303482346567, 0.15998609980095357, 0.5501479269722895, 0.8004106368875366]",3.069725510388794e-06,0.020718301770448373,0.37863913980884
19,"[0.260466833544742, 0.28764679270363125, 0.8416110960888742, 0.4895712298383561, 0.6090400464155425, 0.6241308902117637, 0.600139870259672, 0.006700179118477756, 0.40199295083649544, 0.8002440326745386, 0.6261921019998026, 0.34601121937421064, 0.2901729041501344, 0.5087864076612678, 0.8968297171968728, 0.9362190324378058, 0.8030759177855937, 0.6842624914602363, 0.7448745586712162, 0.10587975423029161, 0.46597204784496815, 0.3955863460525614, 0.6888986928568585, 0.6165748224309914, 0.6627581761921488, 0.6653430896769932, 0.22736409704794158, 0.013403036786509115, 0.5381961046599734, 0.10929017009756226, 0.8265597878692285, 0.7316246480511636, 0.999232373350619, 0.19889986686560146, 0.5648917082710441, 0.05529173847368962, 0.05445439970574695, 0.8405168313947726, 0.3946330079469824, 0.5731736395034185, 0.2737471380636226, 0.009445511871330026, 0.7513111499975087, 0.9935427422281289, 0.2934679855293235, 0.7801941331836819, 0.8153678237170113, 0.4245440032811796, 0.1676430520926504, 0.5141048839139986, 0.07118392668356732, 0.4764475186570898, 0.9884383591069831, 0.6629438512065529, 0.04023822173681557, 0.6984634498598339, 0.8687646675632356, 0.33511392752073754, 0.11108828881134691, 0.21559884250808614]",2.725764877186994e-06,0.01839683029955884,0.39703597010839886
20,"[0.42298513358251355, 0.07254941749779964, 0.2705859543085489, 0.17091228399115388, 0.3770526416018837, 0.4726924831000149, 0.22344320330438883, 0.16972038929093003, 0.0608970092270017, 0.5366539144462903, 0.3491652411134202, 0.16936025210566374, 0.17199983769636495, 0.588334245451771, 0.5412976840502605, 0.6107822389596754, 0.776489794551859, 0.7235502960107121, 0.8825936304818921, 0.40584037748309876, 0.35881575220560225, 0.36378320067002456, 0.062138363510895966, 0.10140037064149043, 0.06127431087732593, 0.21697835795342735, 0.13930736981958858, 0.39938677413682444, 0.8920330486591511, 0.5409048412444195, 0.950587805906109, 0.6829048350464281, 0.8148042663164267, 0.8933055361883855, 0.5249939103849899, 0.7838471980318185, 0.13764379867595056, 0.8090080877402077, 0.3148001075741106, 0.5323983173007389, 0.7415152406274405, 0.7270151162754146, 0.68232227268476, 0.3667706190305894, 0.6807353607696199, 0.4021629993083017, 0.7899399197421878, 0.4586140090225248, 0.17059895043970585, 0.536654573992037, 0.5062196888783388, 0.8559554585784789, 0.008204624133658744, 0.487186862271627, 0.1305989084696897, 0.7657989233655371, 0.009017495025177014, 0.7716327717959104, 0.14965289807281712, 0.42841880809139266]",2.6537284377893596e-06,0.017910639373087442,0.4149466094814863
21,"[0.39142560315766184, 0.6279734592419017, 0.17668378396315876, 0.385655179236589, 0.4409874460325739, 0.2830742733089392, 0.04034834889462058, 0.18947326451884716, 0.12851904696343974, 0.7895205734193492, 0.8471087350054604, 0.1644373660402445, 0.7773600956031295, 0.8311094252543987, 0.07985836807369118, 0.45919432575563723, 0.9611643393046092, 0.618503341427058, 0.9927655794286503, 0.30700313192652806, 0.5846402895964427, 0.24067944555353116, 0.12217829065685848, 0.155180521479222, 0.6078198037583564, 0.08412841569505991, 0.01608673832225649, 0.6258339698122948, 0.23936797427238032, 0.5347740882399075, 0.35199513990924824, 0.8247974195703218, 0.008648690460079544, 0.17456597988079647, 0.5475976298789134, 0.8046831871460512, 0.7765497530132336, 0.7261059558641939, 0.7865775274821284, 0.10508167663890111, 0.9445500073426699, 0.9720738452835499, 0.9992741963934313, 0.11908070942922366, 0.37131892144834844, 0.8840765555394943, 0.2599554698186455, 0.4238348652010321, 0.30789125573639176, 0.14527826906894303, 0.9541788328021994, 0.01813251745925215, 0.3860760976032692, 0.17978629053925166, 0.2830268580032156, 0.33615188871028123, 0.2621772632739585, 0.10632082921155306, 0.29021166209741156, 0.9917049656946109]",2.7287510394273603e-06,0.018416984613103177,0.43336359409458947
22,"[0.08126681981538031, 0.4914007039929583, 0.3277000696893334, 0.05255800067944283, 0.6738389703000914, 0.5078516605372753, 0.8206104869195454, 0.5388800732190256, 0.2785695045282949, 0.00800144471714892, 0.7330543285745162, 0.46737707369237835, 0.35289344859904614, 0.2753897061248961, 0.3704723585772838, 0.36817579244240994, 0.8559549420033282, 0.7346634741147587, 0.9888986453260383, 0.8394551430512864, 0.05744286421013223, 0.46345993515748896, 0.36099604986255684, 0.5228378603199435, 0.014735408659664606, 0.31441251192785846, 0.4639538687142948, 0.04465310469691475, 0.8054300341405866, 0.03374891489533782, 0.364113722819458, 0.3219610139764363, 0.9053750857383535, 0.6140725760378298, 0.6185480603729793, 0.8862936975734499, 0.29713420185379313, 0.8088974408232318, 0.9309421295715364, 0.3433380572151079, 0.8650048672405699, 0.8227385054849693, 0.27626668154825196, 0.16363008942065438, 0.5564057821248724, 0.48615001129062885, 0.2325033517912628, 0.6208780576730034, 0.5262573360705807, 0.9834438965276171, 0.1899521289362388, 0.23536148395672885, 0.08838883176255918, 0.5843602671082831, 0.4847728708621827, 0.9286817181124781, 0.9754969563396076, 0.2882958083075312, 0.6480037566575332, 0.46344441376867296]",3.0972185256196545e-06,0.020903858617210336,0.4542674527117998
23,"[0.9718939171819306, 0.7645886636184178, 0.5643897524534328, 0.28683866344553755, 0.14530612066360948, 0.8970742614663877, 0.9385817777806839, 0.02082238693607763, 0.6237646639882706, 0.30421348954941807, 0.21037350700430635, 0.8061987525527288, 0.40666904539821414, 0.05003230604803566, 0.5323764556227863, 0.2722250149320039, 0.5651736192356489, 0.4795304551665446, 0.7424497074756675, 0.9735694436951118, 0.9178995283050619, 0.46225051350612, 0.23574941397770455, 0.11718474354652575, 0.7299879787966317, 0.6436648576196912, 0.765093811233856, 0.7788981858562058, 0.475229032160575, 0.5078315333854824, 0.12110621352662232, 0.3398547663580258, 0.8851784587396574, 0.9994092346043418, 0.622471880910144, 0.7853172167384079, 0.6480866007518671, 0.9856732552284616, 0.6873469197628341, 0.3141753070205412, 0.2853444515853396, 0.5922357618907251, 0.4347410990110816, 0.7534420587713498, 0.9531465171273499, 0.2075406002934984, 0.9130668023044349, 0.603091744032288, 0.7153011916931825, 0.7950317370488656, 0.6897648436895248, 0.3210449401927299, 0.5100649019342021, 0.7393003251491166, 0.5136945749312304, 0.6190312618331226, 0.11848554384325838, 0.5649932304416365, 0.8157729465241922, 0.6781430348766104]",3.045722069247688e-06,0.020556296882582144,0.47482374959438195
24,"[0.023096289497586242, 0.2807523753115231, 0.5296145955130411, 0.13469281653952703, 0.03904706583646611, 0.6215276726557276, 0.9884108857814499, 0.8356855116210946, 0.8857869105069176, 0.38772894947927117, 0.6250451640912253, 0.41131347130959917, 0.7778928279558646, 0.47820136669331537, 0.2763980961024576, 0.9726018095893506, 0.07686389841530161, 0.2710955728149306, 0.7390711909167633, 0.16536359648244792, 0.580560581047927, 0.8366270831558611, 0.07607506368376404, 0.7232175655040444, 0.9087769337094611, 0.6709016822809244, 0.8142457100450832, 0.50083670960912, 0.5346708643660321, 0.21376400437783705, 0.8734334281974971, 0.5710667720716404, 0.10150157206686916, 0.36152396467955705, 0.7883546136263843, 0.9338376387784544, 0.37500686773781555, 0.979643216881733, 0.5130262255786321, 0.3603988395668437, 0.13440649666947713, 0.49332696113052266, 0.737395201405307, 0.8837457816348121, 0.44160634755884687, 0.030409908849602596, 0.25386822445902835, 0.6633958338733883, 0.03977116931121227, 0.7337942500545682, 0.752559469124817, 0.3653338270273603, 0.19825727402160032, 0.8417516111532304, 0.18533135114675858, 0.027967641910321528, 0.08622373916965742, 0.8865647419986273, 0.44256059567130346, 0.456942062106822]",2.81266272720227e-06,0.018983324392834178,0.4938070739872161
25,"[0.46021219626132437, 0.767583271373764, 0.7973027178864156, 0.5374884174717369, 0.14831841863687356, 0.4622510839935411, 0.7379590186882924, 0.5119718094794161, 0.9900596457421337, 0.7140066643850804, 0.0283809374646663, 0.40383635430442266, 0.5128821974695766, 0.9253334993213777, 0.5396983196612446, 0.043262213461958354, 0.8948538398194233, 0.019765125978247533, 0.1103349355065697, 0.09761283223689254, 0.9509536143565319, 0.16369765423931104, 0.7202328564939071, 0.14680734514871285, 0.2584920902382355, 0.36562167222884945, 0.8465662391274056, 0.406495999176115, 0.9503200885094002, 0.3076472658973807, 0.5684132546850297, 0.32574318187493756, 0.22396205065961539, 0.23466440188735327, 0.3496235882662553, 0.16718599329913497, 0.3559539474383422, 0.11710676146822496, 0.7256469893265033, 0.8139693613209866, 0.2673094641379792, 0.5173328882751727, 0.5386154829618172, 0.6449646077776918, 0.7203325724149366, 0.8821130034650432, 0.1913396836673008, 0.19317156654705503, 0.0002809099277695237, 0.3476050379231136, 0.41406112038036036, 0.030869688409696394, 0.09255643060081908, 0.8020427029247545, 0.05077136018746742, 0.06845993335161438, 0.428531827070611, 0.34080001601261156, 0.9032589148663365, 0.724241287946579]",2.9838148218965717e-06,0.020138470263212596,0.5139455442504287
26,"[0.37812035518106923, 0.6752810200476224, 0.29593125029252865, 0.5994803540212255, 0.8310605769751379, 0.8985736886304787, 0.41019428656229473, 0.432485717659985, 0.18905249597870677, 0.5905665789657392, 0.7992356314109165, 0.7051855303798475, 0.1957136673467842, 0.6836089984674959, 0.5019774018378709, 0.07426228599292628, 0.21633692498164792, 0.053998949917100414, 0.393356180965049, 0.6121728704624354, 0.0028169554081713954, 0.6408299783593245, 0.07553387748123375, 0.6147174520943519, 0.09770303445622552, 0.4562332557665969, 0.10817254207137095, 0.40163699595508895, 0.04278331607945696, 0.6384203856139029, 0.3941811153482554, 0.7459898126450382, 0.4562910720214055, 0.5818760789002385, 0.5333307659469124, 0.7223458059285075, 0.21475001951491413, 0.9999482923145306, 0.9950019057152799, 0.9591583204539379, 0.15555662022259154, 0.15844111574662312, 0.28334386889049, 0.1849481229541965, 0.25573312785267266, 0.32313068010959056, 0.7125402351693798, 0.4586746199853884, 0.651067376016409, 0.28250231923127933, 0.8002128835632967, 0.6984361619074824, 0.5651400100039362, 0.7564134695882578, 0.876766844133825, 0.01265938178804149, 0.63424798251494, 0.4798288593307979, 0.5117134759451476, 0.7283975788820554]",3.0444358355899255e-06,0.02054761578813945,0.5344931600385682
27,"[0.09650470508543973, 0.5054666049202988, 0.4421576119509403, 0.34725070234673294, 0.6969791349137964, 0.018329743524284403, 0.3832882693522828, 0.7296906551045417, 0.6811402867085311, 0.3500279531705429, 0.4989409119776955, 0.754342670736656, 0.37421200994833215, 0.7464368864621568, 0.2297501762429388, 0.7945530567000716, 0.25663019799233344, 0.701292878909519, 0.7076298771472953, 0.12059320452979316, 0.9296368464280842, 0.8773694504076802, 0.06525244402674601, 0.4657068179920363, 0.28197653513640086, 0.00629163716692549, 0.8459765408948687, 0.3563579941737487, 0.47260721966450003, 0.5083641418534064, 0.42343649693834373, 0.16207363935465313, 0.4563620844715168, 0.03849684249871088, 0.8288991883986826, 0.6536094037101304, 0.7763704182734863, 0.7352952071987385, 0.08560551398566463, 0.1623690488520404, 0.9605709629816239, 0.8356381883225273, 0.7052838273561033, 0.8619994958218768, 0.987448796836746, 0.10823221853877607, 0.21537716403376683, 0.7360037641188087, 0.489202100960226, 0.4538402304570265, 0.09423471258472271, 0.1566833588986346, 0.10194178755787175, 0.32405778888245473, 0.5595096348580949, 0.1314057737276464, 0.14615964105118207, 0.050468173781381354, 0.23842037633246982, 0.8327285899357025]",2.578954870561556e-06,0.017405974925065727,0.5518991349636339
28,"[0.6667996282187504, 0.84474744534733, 0.6728226991229473, 0.14720649207852654, 0.16719861616522802, 0.3186005910105797, 0.7691470214894262, 0.6442301836965255, 0.46879402441862617, 0.719257693297281, 0.47186699092581474, 0.33309822699847513, 0.34353125249057903, 0.15956134236674535, 0.842939945176824, 0.858667518921501, 0.18463942848120507, 0.4054062440219458, 0.14109605161899064, 0.13496139985247457, 0.38700428391451624, 0.2780589393708447, 0.14653447643134332, 0.27766611976827205, 0.2631442841611713, 0.6546688592246217, 0.5005237768999204, 0.5933827736951726, 0.2431134806248345, 0.01809466804347304, 0.3796148416283205, 0.1156092345516816, 0.024391992097091753, 0.3848916211234239, 0.3496252463001338, 0.9057320410490032, 0.9329441653795538, 0.07700360057503652, 0.2149219688102041, 0.6995800491878625, 0.05390165412569192, 0.7552806574879907, 0.22364934508868572, 0.3393617115650971, 0.8182246709079364, 0.17193023276727804, 0.9882823362492886, 0.7509417447923923, 0.554684926794391, 0.6698694918910794, 0.5521945771091454, 0.4013771297071601, 0.3964214995919412, 0.644883981962509, 0.6297768259587125, 0.31419376019834944, 0.667261884415314, 0.622099991385508, 0.4675446563538167, 0.19398995481268055]",2.896542165183688e-06,0.019549446511099574,0.5714485814747334
29,"[0.7631135779637183, 0.012002092892967942, 0.8284474252122238, 0.8834182619952959, 0.9441367604180395, 0.891444061192934, 0.9324162068043935, 0.4284699474344007, 0.8373440429258103, 0.26701521357384506, 0.3986860073622325, 0.5622072356969907, 0.6638485746762686, 0.3195506481835543, 0.42851722951614946, 0.6488207053840226, 0.5858802119334018, 0.35283474380733226, 0.48348593752561375, 0.43287904887172013, 0.532824962471011, 0.22174653257967514, 0.980696326838048, 0.6388327732446912, 0.8931441195620163, 0.48021746523231046, 0.8584056541734757, 0.8278780126494034, 0.7036802944696914, 0.9446491322291667, 0.17304731640763282, 0.7875431533129463, 0.3963230764105311, 0.9440471827957392, 0.4746577531116626, 0.03536330298270607, 0.5492039692379717, 0.2541553737653821, 0.34876744604686694, 0.9012212255011295, 0.46471377664309454, 0.5983836140084139, 0.6885318060372385, 0.20289045599501532, 0.17033722250264194, 0.18640368912628236, 0.03576520412919115, 0.977671774227863, 0.7795421124606597, 0.42896436587433473, 0.23038795180092775, 0.16644452835716161, 0.26916584823590284, 0.10956013741441673, 0.5992813109942835, 0.9544812774099664, 0.42141565941449144, 0.9315049526489342, 0.440163197960431, 0.8930110809604218]",3.1936812894595232e-06,0.02155490857072646,0.5930034900454599
30,"[0.514499461001689, 0.7015173042096705, 0.7293099810239408, 0.6830672928737489, 0.3602360937503829, 0.6479333103513754, 0.9442633229150067, 0.4259753678812894, 0.10870980483487969, 0.23107947154876196, 0.6573749867557478, 0.8123907925730751, 0.11451662296491849, 0.4547569775442911, 0.4301747288946264, 0.1497612186499485, 0.31629660286473105, 0.8395712357591033, 0.34217276976398414, 0.03837472460978697, 0.12725297110957545, 0.08231264409615946, 0.8281468974861156, 0.4094958417885045, 0.6315639921496367, 0.3446210231472919, 0.004202739341658157, 0.8470154983549347, 0.687437729150769, 0.40546573525793606, 0.4146976865079761, 0.2609944810096636, 0.30520453963353156, 0.68398642931947, 0.767411389554796, 0.9743327851503043, 0.058064805084286575, 0.8189403777551608, 0.9483473171285646, 0.9414989043179434, 0.39097334299435726, 0.7096780837583277, 0.24014964413571682, 0.0883362515011279, 0.6382917215564531, 0.05385299158198864, 0.4789298117059231, 0.8901599481892908, 0.36592227013678846, 0.9499394105293424, 0.8935642037835875, 0.5194153984524986, 0.4767903190370768, 0.22994736147141082, 0.9818032197999939, 0.34694082277674965, 0.05334882789842332, 0.7893973881331915, 0.9938666935247762, 0.06264438245452797]",2.9035877726168676e-06,0.01959699897807511,0.612600489023535
31,"[0.3984655925195779, 0.4862944668097774, 0.7219053821420816, 0.7336923358110741, 0.47669980779160914, 0.15075920486788041, 0.0713511131228799, 0.7767756057633666, 0.7773947385828025, 0.31529272136980013, 0.5113655616146063, 0.9551531531472711, 0.33981746457246453, 0.9354063646420372, 0.20709829376109068, 0.9566542139733025, 0.5572877419531667, 0.9015198982806302, 0.1805716238114471, 0.1296514231991468, 0.7085911102277155, 0.9399545391103725, 0.6279908771815683, 0.9342219477755408, 0.8638029475524946, 0.21422481721970754, 0.18120685037657291, 0.11477505080804029, 0.11548944880695444, 0.011372312469776102, 0.9040208290245608, 0.47928191309725465, 0.3408626102764929, 0.48091007195458735, 0.5945478152649812, 0.1940384316020738, 0.9720358473601491, 0.5974362079045562, 0.01755287596877264, 0.5750862340910073, 0.27525590001034606, 0.42160593933868273, 0.2904193934883431, 0.9572400102106413, 0.31839734216597815, 0.30199489042225247, 0.2867772087627949, 0.5510779797220287, 0.5638052720450759, 0.8376091919922383, 0.22569869003029808, 0.3620994674885406, 0.6411295788529581, 0.273509003278145, 0.5335269492506369, 0.7931479462217058, 0.13156408450044754, 0.7876033950294838, 0.8714328441504898, 0.49328336516134563]",3.031181226786024e-06,0.020458157305900858,0.6330586463294359
32,"[0.25536116829581323, 0.019158794649188238, 0.2661471155662777, 0.8962243949810016, 0.00779882642928198, 0.9478593564761897, 0.019765230039916704, 0.9765730437098117, 0.9858446798119607, 0.7401570762588546, 0.2854634850461353, 0.8478162953463212, 0.7707232123118634, 0.7286620689162209, 0.9745091651552926, 0.02085911553971953, 0.9868345216112459, 0.4531740319373879, 0.972552250985451, 0.41524297004069777, 0.2783431387711748, 0.40892981354264835, 0.8144733979735865, 0.9939166347195021, 0.8893726864854536, 0.23074288299683565, 0.3652880345587466, 0.3195114442655238, 0.9461882983876191, 0.10076367226521821, 0.6432882673540182, 0.14145735820840577, 0.651625262804785, 0.014341557619334755, 0.3335049994963186, 0.39131781457705395, 0.42118972503542174, 0.6826109571127789, 0.6349438246881018, 0.7576777585857999, 0.19189555453646268, 0.2043294126542553, 0.9343312589675458, 0.9694906550546017, 0.8962319756103212, 0.9451704723267343, 0.03251533632098824, 0.4657808320340394, 0.4437068378313517, 0.7795184182779157, 0.947427956305163, 0.29350925045099874, 0.7068613458758433, 0.8253438485069636, 0.20075092963506969, 0.6667988774666221, 0.22912527413306127, 0.4064463833742227, 0.6834033537778494, 0.1877349855066357]",2.7332474908012886e-06,0.018447332224362203,0.6515059785537981
33,"[0.60106753927875, 0.5693122567676394, 0.3707335204188895, 0.38417429013952153, 0.00928547209311914, 0.97511818562346, 0.11334273789901583, 0.3106139352960451, 0.8694208676978461, 0.6466128582072419, 0.5961369532440257, 0.4513445912019778, 0.9285968564816391, 0.7042671612684889, 0.9597535281487004, 0.3728200837686666, 0.8659422285461685, 0.08065819255349538, 0.3206641865712354, 0.2245788324852479, 0.8927948785821159, 0.23377766581376436, 0.21747002889958378, 0.4366960325952184, 0.018356571718978976, 0.29446276243398006, 0.34824895730448147, 0.7773886931599646, 0.013309457296652227, 0.22664687226657554, 0.2536675195835908, 0.1580688855143595, 0.9314063248239994, 0.34234983456633294, 0.7058899845001938, 0.8576864900549855, 0.019080541417688446, 0.2992871871657533, 0.0846549355997902, 0.2824752012005244, 0.9704957788390814, 0.49067335423198954, 0.9450279162789283, 0.560345629401798, 0.6626410235910594, 0.07507861738730104, 0.0061618803701988245, 0.7449598594159066, 0.0742925266261164, 0.1156766526787526, 0.045230245000757785, 0.5306889828870026, 0.09385869184506457, 0.17099216458771616, 0.845720708589616, 0.8899498678102131, 0.7038185930046705, 0.28289826702935705, 0.6281657467551047, 0.8309106344226042]",3.0967094804426713e-06,0.020900422951201814,0.672406401505
34,"[0.8575706607806907, 0.08298939653545645, 0.09530902639937411, 0.08668188953290668, 0.8494224721044665, 0.08760338034333182, 0.041421094379289314, 0.7521635215782216, 0.9047852647444068, 0.7708789094512662, 0.6840522449149447, 0.92986407264652, 0.9867272636004986, 0.5259860279638606, 0.9055028078809488, 0.2095867636670784, 0.8181927734453469, 0.996689904537689, 0.20017157652166084, 0.1345428240277331, 0.6920699849220241, 0.9762650613419661, 0.7515741020971186, 0.48712053615807693, 0.6727488066319025, 0.8237434351279762, 0.37885170767703813, 0.6556556391288736, 0.5866454968934471, 0.4840989883347171, 0.829906581723454, 0.35557345941609453, 0.4192205497973108, 0.879755148736245, 0.5347018084649143, 0.76057511787358, 0.08244738927434214, 0.3606981316112433, 0.5903352550888679, 0.991857047513193, 0.0685762562667529, 0.7772178890678586, 0.9702324062127579, 0.26692468398230706, 0.8217996646608008, 0.20630739622913596, 0.8962538547431161, 0.8338322796820258, 0.9052229793103219, 0.639119701241757, 0.6880797400990576, 0.9082302747892641, 0.7174927541981068, 0.9803261997491001, 0.9782265337069717, 0.7799004546406977, 0.8162246355677027, 0.4040233807680479, 0.5185366595944959, 0.9944148026170008]",3.375329076034056e-06,0.02278089234205998,0.6951872938470599
35,"[0.6602199600237023, 0.9983018469689671, 0.932110634451782, 0.45951645619145387, 0.9383378841525675, 0.8053926700876901, 0.0559997932275742, 0.23795480740797603, 0.029931141073727074, 0.26673569511599593, 0.45767216666231325, 0.2349945742482885, 0.6625322760202075, 0.5537123216778806, 0.6627385304374903, 0.22760895813898274, 0.6629056461637267, 0.20923479479994178, 0.13581922474700792, 0.13695764519942333, 0.7466453054127974, 0.705973887888012, 0.6317313698913446, 0.7423290455610037, 0.7184001265121406, 0.5243742280123224, 0.2392617890818901, 0.23421379053394087, 0.016279046845222078, 0.9977287328121858, 0.7139248897660776, 0.9244079150439637, 0.6275968975249584, 0.11299953264789242, 0.3401103229497976, 0.11866735396653072, 0.949961518486918, 0.4641581199374005, 0.6308617063156107, 0.31623437633734774, 0.4419538166047957, 0.7361538770465905, 0.3168390421369297, 0.18270947084437994, 0.42618341067468957, 0.9917249990325123, 0.9039141747847922, 0.5799909433819, 0.34349883354835564, 0.6112815113010265, 0.09061467817777502, 0.16388775132309796, 0.5304696549079241, 0.7209554272016723, 0.2231704189797339, 0.5428961884160131, 0.5007533052122058, 0.25315191481497734, 0.9595769631835757, 0.5370441314856506]",2.9903948466330266e-06,0.020182880402713838,0.7153701742497738
36,"[0.9455907721517843, 0.18164180147408948, 0.7475987063363462, 0.23442469447805048, 0.2453666717723616, 0.9477740417837064, 0.3461356486883451, 0.1438333595556861, 0.8307453031077837, 0.9035897793202912, 0.8472856234798646, 0.4247526119936029, 0.5623087728928889, 0.3964876474211686, 0.003437561436631875, 0.2640259282950248, 0.34883217593269433, 0.9071629977525977, 0.04611474798072468, 0.4541858320019577, 0.962450377913073, 0.11836949925193807, 0.2452394558773755, 0.028191893650251765, 0.34315824349561963, 0.07245636098340658, 0.42676852643576524, 0.1196253079891384, 0.09114644960908691, 0.1845809093215991, 0.550507702494012, 0.7625445000158544, 0.8608778200517712, 0.14277679615780015, 0.7652520283741789, 0.4227655001760099, 0.11546733701117085, 0.7415592030911041, 0.8411734337906134, 0.9506943606356189, 0.06464202733538582, 0.22674600426873714, 0.9193245936808634, 0.42142538779234306, 0.9750505977381552, 0.40721089937758803, 0.22263244373484015, 0.549607836440164, 0.6585892837881927, 0.9011997207740466, 0.4959070416624569, 0.188545158176752, 0.5738663163691062, 0.8169886138091755, 0.9729271463868338, 0.3362486757380292, 0.5368964400702266, 0.7730317889083274, 0.3387859427234884, 0.9874264875452491]",3.265454574277551e-06,0.02203932340484885,0.7374094976546226
37,"[0.4056941323381338, 0.9000770398777818, 0.8623237827925069, 0.7154962450268417, 0.8024333876849249, 0.48196570057607513, 0.4762615095481737, 0.8425069907813894, 0.3084622003374746, 0.14349155386311474, 0.03954157581784268, 0.11109195748462009, 0.5750636735034967, 0.08528726928820929, 0.1894186761124217, 0.049136804886355745, 0.743299917516004, 0.4374155048605406, 0.885351670587518, 0.4579634575968896, 0.6174020146900229, 0.5607199969533819, 0.06430676147014336, 0.3941090207522252, 0.8573097024855172, 0.9466682241106155, 0.15586976781811845, 0.3791895299552822, 0.37329908388594124, 0.2792415954421219, 0.0872987175860217, 0.9242172397122204, 0.6267661181167506, 0.31748955709909576, 0.24444092830410002, 0.09852643791886839, 0.11933354521279083, 0.6108779673437549, 0.35318584277724374, 0.8115857656766614, 0.8351210488626866, 0.5550418875313287, 0.35124525979881027, 0.0819012432833589, 0.44013989881111704, 0.21108415888847953, 0.3554045678912431, 0.820685803119085, 0.15616669854899845, 0.5944501555675424, 0.505209809662516, 0.34381187716287553, 0.45335965358727437, 0.045594033287237434, 0.45630775133697365, 0.3803699851710992, 0.45683077709229447, 0.5625186072556039, 0.6073215447810325, 0.7183413405868588]",3.029270888398003e-06,0.020445263981376322,0.757854761635999
38,"[0.9229288468774736, 0.8327563288242301, 0.2698667740376145, 0.38391670946909295, 0.1522132937918409, 0.6891985420443245, 0.39871279808353177, 0.7568306592717935, 0.039618842260714104, 0.3122005773785971, 0.4831210405012025, 0.2897678806077044, 0.5513446111472506, 0.06821219935128087, 0.862791054047821, 0.8760124161407608, 0.5229462508203888, 0.9399391785260572, 0.5984273985942968, 0.03333923690074414, 0.9982586668812717, 0.32097281705789216, 0.9061963626603893, 0.18641362437607945, 0.13833533042474067, 0.4486825309766105, 0.8681009390505202, 0.6922098114093371, 0.4952850939016151, 0.9068413549889679, 0.5521090043734557, 0.2941074718301758, 0.5304219441243034, 0.6165653446392588, 0.5042758491515144, 0.14537369056083793, 0.9009709530446101, 0.15669896683870344, 0.6152417687749001, 0.9922469868477897, 0.5371715720619539, 0.2395330525417153, 0.5799847965439738, 0.7849141306516576, 0.42814568218119897, 0.49645867216212014, 0.2101063973667454, 0.8585542786502602, 0.41460890943388706, 0.9453362435921526, 0.6591646394761311, 0.4768436735845436, 0.9815948857288784, 0.16265665765680137, 0.9699561940620961, 0.3166463622284913, 0.5116786972969228, 0.32148873094675345, 0.3834268944169271, 0.574983807342435]",2.8518169200415854e-06,0.01924758527872704,0.777102346914726
39,"[0.03055649932668525, 0.11606777342228192, 0.9330991262938145, 0.23095461759402114, 0.10081092808687742, 0.18938582311801166, 0.2715525205684194, 0.00774126844903289, 0.6760423084266008, 0.06798627515391709, 0.754823886187532, 0.5946946445460207, 0.3131172891371907, 0.836682973741297, 0.9782133661269359, 0.8667961335789436, 0.8460867151316829, 0.8802847702424893, 0.15515561004047795, 0.22715591896624632, 0.2650210215747929, 0.8878138740024262, 0.7869199794566735, 0.20887061042155575, 0.9447144489148587, 0.4109577820616708, 0.9721673599133225, 0.04205017652110332, 0.6241908364823452, 0.9575818312904654, 0.25294938367515096, 0.20227864451004174, 0.703612639590116, 0.45830542389698614, 0.6129017939081943, 0.12579660094272682, 0.4172492462076256, 0.7908171291844628, 0.2926865309745593, 0.996388688970714, 0.3549748256021914, 0.6101630301128466, 0.6002828913563398, 0.2556837347486818, 0.9007283456719624, 0.9489842796253768, 0.7384760664578839, 0.33996762680592085, 0.4173346946274741, 0.1626867372485078, 0.8222627382067453, 0.5135711209470939, 0.04994206611658525, 0.5032095232997327, 0.7348848792249689, 0.5396638627516555, 0.8951029666054592, 0.6692871642475872, 0.7405057746243581, 0.8455285019101227]",3.5132426727345015e-06,0.023711703746864005,0.8008140506615901
40,"[0.954251099480952, 0.5970011953693893, 0.021536519467206583, 0.45272970353308495, 0.5613429603490172, 0.05119398773990658, 0.541546402861948, 0.10121564900024993, 0.9650768392804909, 0.6311954188382286, 0.35341968453453976, 0.9234280616240427, 0.669186983431733, 0.981425139603783, 0.20047083722413683, 0.701991231357448, 0.5287340330596334, 0.3783480958617965, 0.008389940261680606, 0.8774681298502889, 0.670160431441721, 0.7911139890748553, 0.542190503261746, 0.8052056863069016, 0.6808199817666486, 0.7875709399905136, 0.4047450660247751, 0.635399216998472, 0.48805827199045326, 0.11483994305871603, 0.23559885901124467, 0.29429691810306746, 0.5789919666982498, 0.30961670467922153, 0.9373886615166155, 0.7565255505448737, 0.5894925473256394, 0.8197227490461894, 0.49582083442691005, 0.9650244852224493, 0.48864792450538597, 0.6998008120807852, 0.8138682089307302, 0.8348752476842088, 0.48868685734152917, 0.5256583857592625, 0.5709474823934788, 0.5269232286719875, 0.028489210331806736, 0.24632989443182385, 0.7579274469845226, 0.8951339359611429, 0.09049048172310548, 0.20285241436296653, 0.054173967762282116, 0.8056513572597969, 0.6250803446711657, 0.17461002252663782, 0.4853768460325971, 0.8088230491549631]",2.9395031563341875e-06,0.019839400377007564,0.8206534510385977
41,"[0.08866717792386325, 0.5579707578149041, 0.6641396053131771, 0.37183715378019266, 0.7097908023052629, 0.9092085157980752, 0.4967195839712333, 0.8223387910459854, 0.21088402427253317, 0.47106392563040567, 0.895780147396984, 0.10630949513035148, 0.0851735260868971, 0.4810324019718455, 0.3191223310097342, 0.7417351646976773, 0.2381991521084199, 0.7362113136902952, 0.16773458155588983, 0.7064612479134783, 0.9848365433970763, 0.08444122313465086, 0.8476363053931553, 0.6033852197208285, 0.2770797351536374, 0.5599971440345398, 0.37144723717073125, 0.9308483157860039, 0.5647915844566903, 0.05140281256527868, 0.1613696404920988, 0.573958260367269, 0.3193818897771733, 0.12998181730919423, 0.5747267395980453, 0.2522014403901186, 0.6789638835538271, 0.9572021186605102, 0.5899952413102186, 0.19594153566793637, 0.0900477628826667, 0.7720073667980082, 0.63576413031562, 0.9832682089211333, 0.9489754333450012, 0.15222665673709257, 0.8963926246466345, 0.9899445362371249, 0.020854518358362384, 0.9359581370802632, 0.6843644507771162, 0.6346876993938562, 0.2224765958579189, 0.7174961250386946, 0.770682327298395, 0.15412972179762396, 0.29036752860031667, 0.4351818564896628, 0.3168993103339868, 0.9900887100403285]",2.9540403230537873e-06,0.01993751514523837,0.840590966183836
42,"[0.3874587201805355, 0.9000017676751714, 0.15440444970104672, 0.644833034735643, 0.09612871162764436, 0.9381551434858142, 0.5419864827033541, 0.7838841038331651, 0.9212167213572872, 0.9289238922048103, 0.25311754510239315, 0.8296468343106315, 0.23541549014169694, 0.7098431334062064, 0.6342433771520775, 0.2870115937610659, 0.46528659333863565, 0.8075311697440303, 0.11980060174308671, 0.543486219799587, 0.3685421504889196, 0.40266547528534113, 0.010362052409695344, 0.8025066805546419, 0.37337883757142887, 0.37639688759361833, 0.04421527850302587, 0.3757801675310598, 0.7581226848029691, 0.38963736854294284, 0.3609878532071005, 0.7267549012886669, 0.16617287504948264, 0.6571956794641716, 0.027176226279668203, 0.7675396133416921, 0.9874477673022745, 0.8309298409408967, 0.9891594437302584, 0.13974619219173834, 0.4113939999617562, 0.536515202136384, 0.27342064550544887, 0.9544397560219369, 0.06527549078898953, 0.26429847818292773, 0.7434527473798445, 0.9580922431036633, 0.09443873594830887, 0.30012906006231055, 0.05857307364932762, 0.10440748009387157, 0.9889718874145088, 0.4694523933924114, 0.23466775531765316, 0.7060238015916026, 0.15805626930884464, 0.6762825412537629, 0.5033599205583156, 0.041125076125373305]",2.62200110578519e-06,0.017696504123336617,0.8582874703071726
43,"[0.4620251087850392, 0.2759194000760753, 0.6517755916738227, 0.8746483026684547, 0.1756342136563087, 0.3045168717119967, 0.5334691320504963, 0.28361455811128156, 0.6272691231046112, 0.34663835345658456, 0.9169268834523339, 0.8552270622090467, 0.2840749238760991, 0.8876740526675261, 0.19511977206131448, 0.4865935658011801, 0.8326859449803279, 0.8319048317467875, 0.8066737350503211, 0.05115429073526567, 0.1964514168859839, 0.7220626819483859, 0.9503219426350618, 0.26856546933744796, 0.41597829913781703, 0.23992539446738748, 0.9141931323327055, 0.06662797695581502, 0.44901322341485184, 0.03528267640846283, 0.4216261979104293, 0.21886447384941665, 0.02991617912694644, 0.8013121067303844, 0.9322186313153048, 0.6374544804934871, 0.5507409565604425, 0.28463975391199325, 0.2868397551553352, 0.012502144082909172, 0.39871408954971044, 0.25962514777134826, 0.10974867744657146, 0.813928613852866, 0.09526693391562335, 0.13231948084432066, 0.003856366712000847, 0.5773399322773476, 0.19302804303682752, 0.644706615991687, 0.6925362475424984, 0.2987649814500527, 0.25916660651644274, 0.049827331950608955, 0.24554138206847853, 0.6036411787872411, 0.34125888189823916, 0.2408209587828749, 0.5081233086260607, 0.9050332670511908]",2.8418830838899928e-06,0.01918053947465421,0.8774680097818268
44,"[0.44791928953494986, 0.3862304650306466, 0.6478074196778962, 0.6505524085640909, 0.37995697083235314, 0.8231679409181752, 0.011464387724298364, 0.3496051584017533, 0.019955874363688064, 0.8448948581295356, 0.997407856772854, 0.7070170217597983, 0.5304339485670511, 0.10014734565084227, 0.22450098954087794, 0.26466664642800797, 0.38830055404150887, 0.9599883734848554, 0.8827647003929546, 0.13088909339409627, 0.6027062832480176, 0.38176870143217867, 0.5471534789577807, 0.9237075419412525, 0.735479599787651, 0.5663173306148453, 0.4395534683204486, 0.954656257224308, 0.5399990344346871, 0.4304039712358474, 0.5110492536409486, 0.1882672613359727, 0.4370596232388284, 0.3904257570994759, 0.3062400127340179, 0.9970879831293515, 0.7777908938504775, 0.2542405282521657, 0.5495243112226055, 0.5191395467749096, 0.6789177597182058, 0.7980723869068589, 0.14491322964156306, 0.6812072487624163, 0.5939665119145162, 0.6950802670880634, 0.8455073159727946, 0.3307681844408552, 0.5137301047933523, 0.7343294383852043, 0.4157018994453948, 0.32407737114787816, 0.6529054491364303, 0.5106175428517061, 0.9188037384596766, 0.9567842864453806, 0.8237257514361189, 0.27929575582214583, 0.2318160173237359, 0.7293980983825697]",2.9945971226340906e-06,0.02021124255497081,0.8976792523367976
45,"[0.49180363441131025, 0.09057776335611667, 0.17652390495705095, 0.2706346084499308, 0.24453013719073147, 0.7907460915870422, 0.7074531968184724, 0.32242643289086514, 0.7529893416516156, 0.5263029628874735, 0.6869833065758398, 0.939424920628596, 0.051835839444140386, 0.8482196207674384, 0.24755620738390394, 0.8020523224304161, 0.06234482654672635, 0.9207478090765928, 0.1068782944776695, 0.44493938337114514, 0.9452944043573547, 0.36469693376673973, 0.7230993690859852, 0.9206482412695653, 0.053714149994517735, 0.8861744811969496, 0.04852011508207554, 0.96374158508518, 0.23570521052011217, 0.10327702727545096, 0.5082526947046299, 0.10318863063623074, 0.11887274004477821, 0.0049782277102365935, 0.7440708338651745, 0.7202021559917768, 0.5451760573247167, 0.26802441988739734, 0.4213600051794226, 0.43372558089572466, 0.9240587186436685, 0.843779248881658, 0.4391538394887632, 0.4801258830819125, 0.539968453790154, 0.53523547121284, 0.6095654110918497, 0.2929555626796254, 0.9992870501537365, 0.5130877613292302, 0.9133428103154896, 0.03600786575935089, 0.0012872035314568375, 0.6562695380067798, 0.7981966940671178, 0.4821277248054734, 0.31781286877593284, 0.8098444486318782, 0.2937835415797675, 0.15334372311495914]",2.7514584213360846e-06,0.018570242091405263,0.9162494944282028
46,"[0.7657750480040106, 0.9409464593267158, 0.6954232025688684, 0.9513819207348183, 0.2762191217856439, 0.0973059355801611, 0.7474315049439987, 0.7743364923408075, 0.2164757398515802, 0.8056990045867881, 0.350516949078992, 0.7535145428181567, 0.05727645747325938, 0.6427290224473775, 0.623030714777011, 0.20750974725765325, 0.7744868831578394, 0.3898478132485744, 0.7629433703216573, 0.1763660604441476, 0.4576257161562467, 0.21742503552313786, 0.04789286224842959, 0.6557681822649, 0.08126736134035384, 0.14235047631463071, 0.9820076712135511, 0.27724599501497504, 0.16715928880086584, 0.19948949690075368, 0.8652327914301099, 0.39834757896874584, 0.6685386100350852, 0.8852621204873168, 0.14056496568319599, 0.8963933231373399, 0.23503583824882124, 0.8714042690945718, 0.6829048598659945, 0.5601505052232856, 0.3232759177337874, 0.4773357577367173, 0.36602761277710705, 0.9756366181454998, 0.3044381297976406, 0.24364122190917592, 0.6818150763260524, 0.48710768103976176, 0.43301852644422456, 0.19731299392817137, 0.5228630552739852, 0.8471585456533829, 0.2708732143425525, 0.8119651956438525, 0.33125629254277555, 0.0019341510086561264, 0.6327509838121822, 0.4659068140007179, 0.9531008837751586, 0.9401561662438886]",3.3739222325127863e-06,0.022771397223190618,0.9390208916513935
47,"[0.1417594144711538, 0.0760584089814752, 0.8993556736957651, 0.0669526862359987, 0.5224943132020696, 0.46506731009453917, 0.6022902100175145, 0.8097106381469258, 0.5048816292258882, 0.31640128768661124, 0.9430932998246075, 0.7708654737166769, 0.19450537235019505, 0.5211629847611893, 0.7649380352729543, 0.4874186660138021, 0.6537886529337418, 0.3118633856092765, 0.2324641913730917, 0.42949363088482906, 0.25667550933741223, 0.42252621486950326, 0.6806002705176427, 0.9061543423988859, 0.17499437364521997, 0.5750868444903655, 0.32682387192867446, 0.32208098683302955, 0.581672646658574, 0.23344758116040187, 0.24813040515877394, 0.6483194633976364, 0.3434997995532133, 0.2941207714749885, 0.3513231877007671, 0.5816369589079413, 0.3655256880333344, 0.3483436601749109, 0.38055190503779746, 0.8999354675171006, 0.18500113855494393, 0.7532832514803692, 0.4635938127676691, 0.4951544088442059, 0.24282401281238775, 0.42387766423404605, 0.15667621670012222, 0.5734187523174433, 0.2651992776603015, 0.9808680100340149, 0.894930573619587, 0.5966304737197847, 0.8874587911165611, 0.9832521908571549, 0.7917480377144442, 0.8728832731689022, 0.5988149241693789, 0.7950841004007061, 0.018949795552944515, 0.8307552475098852]",3.045715034689812e-06,0.020556249404691238,0.9595771410560847
48,"[0.8520683237398141, 0.126696595740731, 0.17359370798742102, 0.14564362499508465, 0.18253573194538397, 0.4234311025943637, 0.38637528157450163, 0.339843960256653, 0.28452117071622174, 0.9488141940661565, 0.23095556561011887, 0.48583052818980454, 0.4451891753189756, 0.9802648060494331, 0.025091205172459885, 0.21085010193046372, 0.5949332306402284, 0.5083033341849953, 0.7608653012912793, 0.5045573383747405, 0.5281691314021107, 0.5092371871673141, 0.5573947021771528, 0.9105729218842484, 0.1541796954671838, 0.44363309205047985, 0.35313410265836986, 0.32620524945361506, 0.24655274221573398, 0.3060387541936994, 0.6635956672015206, 0.4351589308751005, 0.3293752556267897, 0.953926544058415, 0.5423410086458114, 0.4020284463320586, 0.26178972210687534, 0.3585833436309769, 0.2686799597896026, 0.15238202613087304, 0.9538527690220319, 0.48925752302645553, 0.9557646884449919, 0.8819014242630463, 0.12420175052528526, 0.006699528706336277, 0.9667347852691408, 0.5241280326811549, 0.4557105091778294, 0.8459733659017038, 0.09686612420424323, 0.9170515075320439, 0.9182809041751455, 0.17393550284108095, 0.5114306093723155, 0.2173385033443097, 0.7984662130344022, 0.6432111559427233, 0.41196072896867, 0.11213379774154775]",2.934493380519559e-06,0.0198055882179795,0.9793827292740642
49,"[0.5579977566405885, 0.7191563133901621, 0.6202459074944723, 0.0724229875560074, 0.513143635756836, 0.4321190062842605, 0.8931760539078556, 0.19338228522515966, 0.467613181509669, 0.2847646641043353, 0.37014963134427237, 0.3801088253010526, 0.9720145574390016, 0.700365282136312, 0.4266577414287458, 0.7810624218107584, 0.9657992099182354, 0.3882710704196898, 0.1240459475998561, 0.2823856384598932, 0.6973759004082183, 0.4656002217592745, 0.3103153851465702, 0.933385783910277, 0.6877846642854958, 0.1302881614473529, 0.8903340901689785, 0.7891676306271207, 0.2376705165930001, 0.44044449229281135, 0.42943318710240685, 0.06531496648679469, 0.9302842941517996, 0.3821191613105398, 0.7988088305531166, 0.0826135014097531, 0.165243453556438, 0.7300391258353665, 0.055039759687633194, 0.2379007813568399, 0.8642019668222475, 0.2558438704011944, 0.29245147925357395, 0.6020851394476335, 0.8373726110038188, 0.15445846161060384, 0.06029778263151275, 0.047448133704562245, 0.9229162176015302, 0.016506809937660183, 0.774607377766439, 0.8285181195295983, 0.020669890806866098, 0.5339659529566023, 0.2362896015550663, 0.4686487116979783, 0.8210103790962704, 0.16493456394298545, 0.5095717143391857, 0.871039811561252]",3.0547562538291893e-06,0.0206172707259359,1.0000000000000002
